{
  "一": {
    "precision": 0.9962406015037594,
    "recall": 1.0,
    "f1-score": 0.9981167608286252,
    "support": 265.0
  },
  "云": {
    "precision": 0.9924242424242424,
    "recall": 0.9886792452830189,
    "f1-score": 0.9905482041587902,
    "support": 265.0
  },
  "事": {
    "precision": 0.9800796812749004,
    "recall": 0.9800796812749004,
    "f1-score": 0.9800796812749004,
    "support": 251.0
  },
  "人": {
    "precision": 0.9957081545064378,
    "recall": 0.9830508474576272,
    "f1-score": 0.9893390191897654,
    "support": 236.0
  },
  "又": {
    "precision": 1.0,
    "recall": 0.9862385321100917,
    "f1-score": 0.9930715935334873,
    "support": 218.0
  },
  "入": {
    "precision": 0.9841269841269841,
    "recall": 0.9841269841269841,
    "f1-score": 0.9841269841269841,
    "support": 189.0
  },
  "物": {
    "precision": 0.9942528735632183,
    "recall": 0.9611111111111111,
    "f1-score": 0.9774011299435028,
    "support": 180.0
  },
  "出": {
    "precision": 0.9823529411764705,
    "recall": 0.9940476190476191,
    "f1-score": 0.9881656804733728,
    "support": 168.0
  },
  "見": {
    "precision": 0.9937888198757764,
    "recall": 1.0,
    "f1-score": 0.9968847352024922,
    "support": 160.0
  },
  "大": {
    "precision": 0.9935483870967742,
    "recall": 0.9746835443037974,
    "f1-score": 0.9840255591054313,
    "support": 158.0
  },
  "子": {
    "precision": 1.0,
    "recall": 0.9354838709677419,
    "f1-score": 0.9666666666666667,
    "support": 155.0
  },
  "此": {
    "precision": 1.0,
    "recall": 0.9803921568627451,
    "f1-score": 0.9900990099009901,
    "support": 153.0
  },
  "其": {
    "precision": 0.9932885906040269,
    "recall": 0.9866666666666667,
    "f1-score": 0.9899665551839465,
    "support": 150.0
  },
  "也": {
    "precision": 0.9932885906040269,
    "recall": 0.9866666666666667,
    "f1-score": 0.9899665551839465,
    "support": 150.0
  },
  "日": {
    "precision": 0.9485294117647058,
    "recall": 0.9347826086956522,
    "f1-score": 0.9416058394160584,
    "support": 138.0
  },
  "小": {
    "precision": 0.9782608695652174,
    "recall": 1.0,
    "f1-score": 0.989010989010989,
    "support": 135.0
  },
  "方": {
    "precision": 1.0,
    "recall": 0.9925373134328358,
    "f1-score": 0.9962546816479401,
    "support": 134.0
  },
  "上": {
    "precision": 1.0,
    "recall": 0.9923076923076923,
    "f1-score": 0.9961389961389961,
    "support": 130.0
  },
  "是": {
    "precision": 1.0,
    "recall": 1.0,
    "f1-score": 1.0,
    "support": 123.0
  },
  "三": {
    "precision": 0.9915966386554622,
    "recall": 0.9915966386554622,
    "f1-score": 0.9915966386554622,
    "support": 119.0
  },
  "中": {
    "precision": 1.0,
    "recall": 0.9745762711864406,
    "f1-score": 0.9871244635193133,
    "support": 118.0
  },
  "何": {
    "precision": 1.0,
    "recall": 1.0,
    "f1-score": 1.0,
    "support": 109.0
  },
  "候": {
    "precision": 0.9811320754716981,
    "recall": 0.9629629629629629,
    "f1-score": 0.9719626168224299,
    "support": 108.0
  },
  "女": {
    "precision": 1.0,
    "recall": 0.9907407407407407,
    "f1-score": 0.9953488372093023,
    "support": 108.0
  },
  "国": {
    "precision": 1.0,
    "recall": 0.9803921568627451,
    "f1-score": 0.9900990099009901,
    "support": 102.0
  },
  "二": {
    "precision": 0.9801980198019802,
    "recall": 0.99,
    "f1-score": 0.9850746268656716,
    "support": 100.0
  },
  "時": {
    "precision": 1.0,
    "recall": 0.96,
    "f1-score": 0.9795918367346939,
    "support": 100.0
  },
  "今": {
    "precision": 1.0,
    "recall": 0.9696969696969697,
    "f1-score": 0.9846153846153847,
    "support": 99.0
  },
  "御": {
    "precision": 0.9896907216494846,
    "recall": 1.0,
    "f1-score": 0.9948186528497409,
    "support": 96.0
  },
  "有": {
    "precision": 0.9893617021276596,
    "recall": 0.9893617021276596,
    "f1-score": 0.9893617021276596,
    "support": 94.0
  },
  "所": {
    "precision": 1.0,
    "recall": 0.9787234042553191,
    "f1-score": 0.989247311827957,
    "support": 94.0
  },
  "心": {
    "precision": 0.9891304347826086,
    "recall": 0.9891304347826086,
    "f1-score": 0.9891304347826086,
    "support": 92.0
  },
  "前": {
    "precision": 0.967391304347826,
    "recall": 1.0,
    "f1-score": 0.9834254143646409,
    "support": 89.0
  },
  "合": {
    "precision": 0.9775280898876404,
    "recall": 1.0,
    "f1-score": 0.9886363636363636,
    "support": 87.0
  },
  "水": {
    "precision": 0.9883720930232558,
    "recall": 0.9770114942528736,
    "f1-score": 0.9826589595375722,
    "support": 87.0
  },
  "身": {
    "precision": 1.0,
    "recall": 0.9879518072289156,
    "f1-score": 0.9939393939393939,
    "support": 83.0
  },
  "五": {
    "precision": 0.9529411764705882,
    "recall": 0.9878048780487805,
    "f1-score": 0.9700598802395209,
    "support": 82.0
  },
  "十": {
    "precision": 0.9642857142857143,
    "recall": 0.9878048780487805,
    "f1-score": 0.9759036144578314,
    "support": 82.0
  },
  "山": {
    "precision": 0.9761904761904762,
    "recall": 1.0,
    "f1-score": 0.9879518072289156,
    "support": 82.0
  },
  "同": {
    "precision": 0.9743589743589743,
    "recall": 0.9620253164556962,
    "f1-score": 0.9681528662420382,
    "support": 79.0
  },
  "汁": {
    "precision": 0.9753086419753086,
    "recall": 1.0,
    "f1-score": 0.9875,
    "support": 79.0
  },
  "給": {
    "precision": 0.9871794871794872,
    "recall": 0.9746835443037974,
    "f1-score": 0.9808917197452229,
    "support": 79.0
  },
  "手": {
    "precision": 0.9868421052631579,
    "recall": 0.9615384615384616,
    "f1-score": 0.974025974025974,
    "support": 78.0
  },
  "立": {
    "precision": 0.974025974025974,
    "recall": 0.9615384615384616,
    "f1-score": 0.967741935483871,
    "support": 78.0
  },
  "蚕": {
    "precision": 1.0,
    "recall": 0.9615384615384616,
    "f1-score": 0.9803921568627451,
    "support": 78.0
  },
  "様": {
    "precision": 1.0,
    "recall": 0.9605263157894737,
    "f1-score": 0.9798657718120806,
    "support": 76.0
  },
  "之": {
    "precision": 0.9868421052631579,
    "recall": 0.9868421052631579,
    "f1-score": 0.9868421052631579,
    "support": 76.0
  },
  "下": {
    "precision": 0.9615384615384616,
    "recall": 1.0,
    "f1-score": 0.9803921568627451,
    "support": 75.0
  },
  "吉": {
    "precision": 0.9726027397260274,
    "recall": 0.9594594594594594,
    "f1-score": 0.9659863945578231,
    "support": 74.0
  },
  "世": {
    "precision": 0.9864864864864865,
    "recall": 1.0,
    "f1-score": 0.9931972789115646,
    "support": 73.0
  },
  "言": {
    "precision": 0.92,
    "recall": 0.9583333333333334,
    "f1-score": 0.9387755102040817,
    "support": 72.0
  },
  "申": {
    "precision": 0.958904109589041,
    "recall": 1.0,
    "f1-score": 0.9790209790209791,
    "support": 70.0
  },
  "仕": {
    "precision": 1.0,
    "recall": 1.0,
    "f1-score": 1.0,
    "support": 69.0
  },
  "月": {
    "precision": 1.0,
    "recall": 0.9402985074626866,
    "f1-score": 0.9692307692307692,
    "support": 67.0
  },
  "四": {
    "precision": 1.0,
    "recall": 0.9848484848484849,
    "f1-score": 0.9923664122137404,
    "support": 66.0
  },
  "酒": {
    "precision": 0.9558823529411765,
    "recall": 1.0,
    "f1-score": 0.9774436090225563,
    "support": 65.0
  },
  "名": {
    "precision": 0.9696969696969697,
    "recall": 0.9846153846153847,
    "f1-score": 0.9770992366412213,
    "support": 65.0
  },
  "生": {
    "precision": 0.9253731343283582,
    "recall": 0.96875,
    "f1-score": 0.9465648854961832,
    "support": 64.0
  },
  "東": {
    "precision": 1.0,
    "recall": 1.0,
    "f1-score": 1.0,
    "support": 63.0
  },
  "州": {
    "precision": 0.8857142857142857,
    "recall": 0.9841269841269841,
    "f1-score": 0.9323308270676691,
    "support": 63.0
  },
  "後": {
    "precision": 0.9838709677419355,
    "recall": 0.9838709677419355,
    "f1-score": 0.9838709677419355,
    "support": 62.0
  },