{
  "train_loss": [
    2.087002744689917,
    0.470139598218016,
    0.27749130586846565,
    0.2123098940418932,
    0.16445960147312275,
    0.14008358647576727,
    0.11723041302932147,
    0.1048344518310917,
    0.10729841651103367,
    0.08967352096741192,
    0.08331750560337647,
    0.07944281449535498,
    0.07021576321175019,
    0.06785742414835542,
    0.06559967915393626
  ],
  "val_loss": [
    0.4735334682113984,
    0.3030357466024511,
    0.1480543584946324,
    0.11794278891209294,
    0.1410126953440554,
    0.11444973003338366,
    0.11078996550949181,
    0.09045668590046904,
    0.0752665754955481,
    0.07515848977217342,
    0.08419742939226768,
    0.06709346892860006,
    0.08627813347779653,
    0.10009682964643135,
    0.10761882994762238
  ],
  "val_acc": [
    0.8728121353558926,
    0.9214702450408402,
    0.9604434072345391,
    0.9712952158693116,
    0.9644107351225204,
    0.9707117852975496,
    0.9710618436406068,
    0.9774795799299884,
    0.980046674445741,
    0.9785297549591598,
    0.9789964994165694,
    0.9831971995332556,
    0.9792298716452742,
    0.9763127187864644,
    0.974095682613769
  ],
  "val_f1": [
    0.8594065893338011,
    0.913825058298258,
    0.956526815979248,
    0.967336154367508,
    0.9589724112696368,
    0.9674010228608904,
    0.9678407393537434,
    0.9744939754880559,
    0.9785732270462981,
    0.9768133979449012,
    0.9768536959584915,
    0.9820860301967546,
    0.9770949519036037,
    0.9736348215047733,
    0.9717071471326287
  ],
  "lr": [
    0.0003,
    0.0003,
    0.0003,
    0.0003,
    0.0003,
    0.0003,
    0.0003,
    0.0003,
    0.0003,
    0.0003,
    0.0003,
    0.0003,
    0.0003,
    0.0003,
    0.0003
  ]
}